{
  "project_info": {
    "project_number": "486162568045",
    "firebase_url": "https://proyek-6f236.firebaseio.com",
    "project_id": "proyek-6f236",
    "storage_bucket": "proyek-6f236.appspot.com"
  },
  "client": [
    {
      "client_info": {
        "mobilesdk_app_id": "1:486162568045:android:9510b429d1df0352c18064",
        "android_client_info": {
          "package_name": "com.ilhammuhammadariq.project"
        }
      },
      "oauth_client": [
        {
          "client_id": "486162568045-ckd29lhstj3ta8koa11piqhbukvitnot.apps.googleusercontent.com",
          "client_type": 3
        }
      ],
      "api_key": [
        {
          "current_key": "AIzaSyAkVsfHEJT62wAqMVB5WXAvDIBPPA6nglE"
        }
      ],
      "services": {
        "appinvite_service": {
          "other_platform_oauth_client": [
            {
              "client_id": "486162568045-ckd29lhstj3ta8koa11piqhbukvitnot.apps.googleusercontent.com",
              "client_type": 3
            }
          ]
        }
      }
    }
  ],
  "configuration_version": "1"
}